{
  "controller/View1.controller.js": 1613113278033,
  "manifest.json": 1613371673136,
  "model/models.js": 1612870227412,
  "i18n/i18n.properties": 1612870227412,
  "Component.js": 1613113278033,
  "manifest-bundle.zip": 1613371672780,
  "Component-preload.js": 1613371673091,
  "controller/View1-dbg.controller.js": 1613113278033,
  "model/models-dbg.js": 1612870227412,
  "Component-dbg.js": 1613113278033,
  "resources.json": 1613371673139,
  "view/View1.view.xml": 1613113278049,
  "css/style.css": 1612870227412,
  "Fragments/CreateNewTaskMapping.fragment.xml": 1613113278057,
  "index.html": 1613113278053
}